"id","date","title","category","stage","summary","impact","confidence","lastVerified","sourceIds","currentState","lat","lon","confidenceLevel","verifiedAt","crossVerificationStatus","marketIds","marketAssignmentMethod","marketAssignmentConfidence","marketAssignmentReviewedAt"
"time-yamuna-open","2012-08-09","Yamuna Expressway opened","Road","operational","The 165-km six-lane corridor became the enduring access spine for YEIDA.","Already embedded in current land and housing values; future widening is separate.","HIGH","2026-08-16","[""src-yeida-yamuna-expressway""]",,,,"HIGH","2026-08-16","SINGLE_SOURCE","[""gbn"",""yeida""]","CURATED_EVENT_LOCATION","MEDIUM","2026-08-17"
"time-sportscity-cancel","2020-02-20","Jaypee Sports City master allotment cancelled","Land/legal","failed","YEIDA cancelled the approximately 1,000-hectare master allotment after dues and compliance failures.","Demonstrates that a very large allotment and iconic asset do not guarantee residential conversion.","HIGH","2026-08-16","[""src-cag-yeida"",""src-jaypee-supreme-court""]",,,,"HIGH","2026-08-16","MULTI_SOURCE_UNASSESSED","[""gbn"",""yeida""]","CURATED_EVENT_LOCATION","MEDIUM","2026-08-17"
"time-yotta-d1","2022-10-31","Yotta D1 inaugurated in Greater Noida","Data centre","operational","A 28.8-MW, 5,000-rack data-centre building entered operation.","Real regional digital infrastructure, distinct from YEIDA's failed original data-centre park.","HIGH","2026-08-16","[""src-yotta-d1""]",,,,"HIGH","2026-08-16","SINGLE_SOURCE","[""gbn"",""greater-noida""]","CURATED_EVENT_LOCATION","MEDIUM","2026-08-17"
"time-aisats-selected","2023-02-13","AISATS selected for the airport cargo hub","Cargo","tender","The airport selected AISATS to design, build, finance and operate the multimodal cargo hub.","Converted the cargo concept into a named operator commitment.","HIGH","2026-08-16","[""src-aisats-selection""]",,,,"HIGH","2026-08-16","SINGLE_SOURCE","[""gbn"",""yeida""]","CURATED_EVENT_LOCATION","MEDIUM","2026-08-17"
"time-avery-operates","2023-03-13","Avery Dennison YEIDA facility became operational","Manufacturing","operational","Production evidence moved this Sector 32 facility beyond allotment and construction.","Actual employment-demand evidence, though local headcount remains undisclosed.","MEDIUM","2026-08-16","[""src-yeida-14-operational""]",,,,"MEDIUM","2026-08-16","SINGLE_SOURCE","[""gbn"",""yeida""]","CURATED_EVENT_LOCATION","MEDIUM","2026-08-17"
"time-surya-operates","2023-08-28","Surya Global Flexi Films began production","Manufacturing","operational","The Sector 29 flexible-packaging unit entered production.","Verified industrial conversion rather than a job promise.","MEDIUM","2026-08-16","[""src-yeida-14-operational""]",,,,"MEDIUM","2026-08-16","SINGLE_SOURCE","[""gbn"",""yeida""]","CURATED_EVENT_LOCATION","MEDIUM","2026-08-17"
"time-vivo-operates","2024-10-21","Vivo started production in YEIDA","Electronics","operational","The large Sector 24A smartphone plant moved into production.","One of the corridor's strongest existing employment anchors; Dixon JV changes must not double count it.","HIGH","2026-08-16","[""src-vivo-start"",""src-vivo-dixon""]",,,,"HIGH","2026-08-16","MULTI_SOURCE_UNASSESSED","[""gbn"",""yeida""]","CURATED_EVENT_LOCATION","MEDIUM","2026-08-17"
"time-film-concession","2024-06-27","Film City concession signed","Film City","approval","The third tender finally produced a signed concession after two failed rounds.","A real contractual milestone, but not construction or employment.","HIGH","2026-08-16","[""src-filmcity-concession"",""src-filmcity-failed-tenders""]",,,,"HIGH","2026-08-16","MULTI_SOURCE_UNASSESSED","[""gbn"",""yeida""]","CURATED_EVENT_LOCATION","MEDIUM","2026-08-17"
"time-22d-auction","2024-07","Purvanchal and Eldeco won Sector 22D housing parcels","Housing","allotted","YEIDA's group-housing auction generated verified land-price evidence.","Supports land-cost modelling but not apartment sales or occupancy.","HIGH","2026-08-16","[""src-yeida-auction-2024"",""src-yeida-auction-moneycontrol""]",,,,"HIGH","2026-08-16","MULTI_SOURCE_UNASSESSED","[""gbn"",""yeida""]","CURATED_EVENT_LOCATION","MEDIUM","2026-08-17"
"time-film-land","2025-02-27","Film City Phase 1 site handed over","Film City","land_acquired","YEIDA handed the 230-acre Phase 1 site to the concessionaire.","Land conversion advanced, but finance and physical mobilisation remained unresolved.","HIGH","2026-08-16","[""src-filmcity-handover""]",,,,"HIGH","2026-08-16","SINGLE_SOURCE","[""gbn"",""yeida""]","CURATED_EVENT_LOCATION","MEDIUM","2026-08-17"
"time-emc-approved","2025-06-25","Electronics Manufacturing Cluster 2.0 approved","Electronics","approval","Government approved the Sector 10 cluster infrastructure programme.","Cluster infrastructure became credible; individual company LoIs still required conversion.","HIGH","2026-08-16","[""src-emc-approval"",""src-emc-development""]",,,,"HIGH","2026-08-16","MULTI_SOURCE_UNASSESSED","[""gbn"",""yeida""]","CURATED_EVENT_LOCATION","MEDIUM","2026-08-17"
"time-greenbay-notice","2025-07-08","Greenbay cancellation notice issued","Housing/legal","failed","YEIDA moved against the legacy Sector 22D township over dues; court restraint followed.","Legacy 22D inventory requires title, dues and registry checks rather than rate comparison alone.","HIGH","2026-08-16","[""src-greenbay-dues"",""src-greenbay-hc""]",,,,"HIGH","2026-08-16","MULTI_SOURCE_UNASSESSED","[""gbn"",""yeida""]","CURATED_EVENT_LOCATION","MEDIUM","2026-08-17"
"time-parks-lag","2025-11","Special industrial parks remained weakly converted","Industrial parks","allotted","Authority surveys showed many allotments but few leases, buildings or operating units across apparel, toy, MSME and medical-device parks.","Cluster job totals remain aspirations until facility-level conversion is evidenced.","HIGH","2026-08-16","[""src-investup-vacancy-survey"",""src-park-anchor-outreach""]",,,,"HIGH","2026-08-16","MULTI_SOURCE_UNASSESSED","[""gbn"",""yeida""]","CURATED_EVENT_LOCATION","MEDIUM","2026-08-17"
"time-39-cancelled","2025-12","Thirty-nine industrial plots cancelled","Industrial land","failed","Allottees failed to execute lease deeds after notice.","Allotment letters alone materially overstate investment conversion.","MEDIUM","2026-08-16","[""src-cancelled-39""]",,,,"MEDIUM","2026-08-16","SINGLE_SOURCE","[""gbn"",""yeida""]","CURATED_EVENT_LOCATION","MEDIUM","2026-08-17"
"time-power-crisis","2025-12","Sector 22D power reliability failure reported","Utilities","failed","Only 13 of 21 transformers reportedly functioned for roughly 300 resident families.","Direct liveability and rental-demand discount despite premium project launches.","MEDIUM-HIGH","2026-08-16","[""src-22d-power-crisis""]",,,,"MEDIUM","2026-08-16","SINGLE_SOURCE","[""gbn"",""yeida""]","CURATED_EVENT_LOCATION","MEDIUM","2026-08-17"
"time-airport-licence","2026-03-06","Noida Airport received DGCA aerodrome licence","Airport","approval","The airport crossed its final major aviation-regulatory gate.","Removed a major binary execution risk shortly before opening.","HIGH","2026-08-16","[""src-airport-license"",""src-pib-airport-license""]",,,,"HIGH","2026-08-16","MULTI_SOURCE_UNASSESSED","[""gbn"",""yeida""]","CURATED_EVENT_LOCATION","MEDIUM","2026-08-17"
"time-india-chip-groundbreak","2026-02-21","India Chip semiconductor facility broke ground","Semiconductor","construction","The HCL-Foxconn OSAT/ATMP project moved from approval into physical execution.","Credible specialised employment pipeline, but commissioning remains complex.","HIGH","2026-08-16","[""src-india-chip"",""src-pib-hcl-groundbreaking""]",,,,"HIGH","2026-08-16","MULTI_SOURCE_UNASSESSED","[""gbn"",""yeida""]","CURATED_EVENT_LOCATION","MEDIUM","2026-08-17"
"time-ai-loi","2026-02","AM Group AI/HPC hub LoIs announced","AI/data centre","loi","A 289-acre, Rs 2.2-lakh-crore proposal entered the formal-interest funnel.","Potentially transformative, but no lease, possession, finance or construction evidence yet.","HIGH on LoI / MEDIUM claims","2026-08-16","[""src-am-ai-hub-ht"",""src-am-ai-hub-et""]",,,,"MEDIUM","2026-08-16","MULTI_SOURCE_UNASSESSED","[""gbn"",""yeida""]","CURATED_EVENT_LOCATION","MEDIUM","2026-08-17"
"time-airport-open","2026-06-15","Noida International Airport opened","Airport","operational","The first scheduled passenger flight converted the airport from construction story to operating infrastructure.","Strongest realised catalyst in the corridor; actual traffic should now replace design capacity in valuation.","HIGH","2026-08-16","[""src-nia-operations""]",,,,"HIGH","2026-08-16","SINGLE_SOURCE","[""gbn"",""yeida""]","CURATED_EVENT_LOCATION","MEDIUM","2026-08-17"
"time-cargo-open","2026-06-17","First dedicated cargo flight operated","Cargo","operational","The airport cargo hub entered commercial use.","Supports logistics and rental demand, but actual tonnage remains unavailable.","MEDIUM-HIGH","2026-08-16","[""src-first-cargo-flight""]",,,,"MEDIUM","2026-08-16","SINGLE_SOURCE","[""gbn"",""yeida""]","CURATED_EVENT_LOCATION","MEDIUM","2026-08-17"
"time-solar-allotments","2026-05-22","Large solar and IT allotment letters issued","Industrial investment","allotted","CESC, Integrated Batteries and several IT/ITES firms received allotment letters.","Formal land-pipeline progress; leases, possession and construction remain the conversion test.","HIGH","2026-08-16","[""src-investup-may2026"",""src-fortune-yeida-investments""]",,,,"HIGH","2026-08-16","MULTI_SOURCE_UNASSESSED","[""gbn"",""yeida""]","CURATED_EVENT_LOCATION","MEDIUM","2026-08-17"
"time-botanical142-funded","2026-02-14","Botanical Garden-Sector 142 metro funded","Metro","funding","Union Cabinet approved the 11.56-km extension; L&T was later selected.","Material network integration for Noida, but indirect for Sector 22D.","HIGH","2026-08-16","[""src-botanical142-pib"",""src-nmrc-lt-selection""]",,,,"HIGH","2026-08-16","MULTI_SOURCE_UNASSESSED","[""gbn"",""noida""]","CURATED_EVENT_LOCATION","MEDIUM","2026-08-17"
"time-namo-dpr","2026-08-12","Ghaziabad-Jewar Namo Bharat remained at DPR","RRTS","dpr","A preliminary 72.5-km corridor was disclosed without sanction, funding or civil work.","Potentially transformative but earns little present-value credit.","HIGH on stage / MEDIUM alignment","2026-08-16","[""src-rrts-india-today"",""src-rrts-etinfra""]",,,,"MEDIUM","2026-08-16","MULTI_SOURCE_UNASSESSED","[""gbn"",""greater-noida"",""yeida""]","CURATED_EVENT_LOCATION","MEDIUM","2026-08-17"
"time-ganga-link-approved","2026-08-07","Airport-Ganga Expressway link approved","Road","approval","UP Cabinet cleared a 74.5-km, Rs 8,585.51-crore corridor.","Long-term logistics upside; acquisition and construction remain.","MEDIUM-HIGH","2026-08-16","[""src-ganga-airport-link""]",,,,"MEDIUM","2026-08-16","SINGLE_SOURCE","[""gbn"",""yeida""]","CURATED_EVENT_LOCATION","MEDIUM","2026-08-17"
"time-film-finance-delay","2026-08-15","Film City financial closure still pending","Film City","land_acquired","Despite concession and land handover, financial closure and substantive construction remained outstanding.","Film City should remain heavily discounted in current housing valuation.","HIGH","2026-08-16","[""src-filmcity-finance-pending"",""src-filmcity-finance-delay""]",,,,"HIGH","2026-08-16","MULTI_SOURCE_UNASSESSED","[""gbn"",""yeida""]","CURATED_EVENT_LOCATION","MEDIUM","2026-08-17"
"time-yeida-map-live","2026-08-16","Official YEIDA OneMap plot layers ingested","Evidence","operational","The report exported privacy-safe non-residential planning polygons through YEIDA's citizen browser context.","Users can now click official YEIDA industrial, commercial, institutional and mixed-use plots.","HIGH","2026-08-16","[""src-yeida-onemap-current""]",,,,"HIGH","2026-08-16","SINGLE_SOURCE","[""gbn"",""yeida""]","CURATED_EVENT_LOCATION","MEDIUM","2026-08-17"